{"cameraMode":{"drawMode":0,"name":"Shaded","section":"Shading Mode"},"sceneLighting":true,"audioPlay":false,"sceneViewState":{"showFog":true,"showMaterialUpdate":false,"showSkybox":true,"showFlares":true,"showImageEffects":true,"showParticleSystems":true},"in2DMode":false,"pivot":{"x":-24.186559677124025,"y":-2.8771088123321535,"z":26.57283592224121},"rotation":{"x":0.010809707455337048,"y":0.009902536869049073,"z":-0.0001069981008186005,"w":0.99989253282547},"size":32.47063446044922,"orthographic":false}